year,period,periodName,value,footnotes,seriesID
1957,M12,December,28.47,,CUSR0000SA0
1957,M11,November,28.41,,CUSR0000SA0
1957,M10,October,28.32,,CUSR0000SA0
1957,M09,September,28.32,,CUSR0000SA0
1957,M08,August,28.28,,CUSR0000SA0
1957,M07,July,28.19,,CUSR0000SA0
1957,M06,June,28.11,,CUSR0000SA0
1957,M05,May,28,,CUSR0000SA0
1957,M04,April,27.93,,CUSR0000SA0
1957,M03,March,27.86,,CUSR0000SA0
1957,M02,February,27.8,,CUSR0000SA0
1957,M01,January,27.67,,CUSR0000SA0
1956,M12,December,27.63,,CUSR0000SA0
1956,M11,November,27.51,,CUSR0000SA0
1956,M10,October,27.51,,CUSR0000SA0
1956,M09,September,27.35,,CUSR0000SA0
1956,M08,August,27.31,,CUSR0000SA0
1956,M07,July,27.29,,CUSR0000SA0
1956,M06,June,27.15,,CUSR0000SA0
1956,M05,May,27.03,,CUSR0000SA0
1956,M04,April,26.93,,CUSR0000SA0
1956,M03,March,26.89,,CUSR0000SA0
1956,M02,February,26.86,,CUSR0000SA0
1956,M01,January,26.83,,CUSR0000SA0
1955,M12,December,26.87,,CUSR0000SA0
1955,M11,November,26.88,,CUSR0000SA0
1955,M10,October,26.82,,CUSR0000SA0
1955,M09,September,26.85,,CUSR0000SA0
1955,M08,August,26.72,,CUSR0000SA0
1955,M07,July,26.76,,CUSR0000SA0
1955,M06,June,26.71,,CUSR0000SA0
1955,M05,May,26.77,,CUSR0000SA0
1955,M04,April,26.79,,CUSR0000SA0
1955,M03,March,26.79,,CUSR0000SA0
1955,M02,February,26.82,,CUSR0000SA0
1955,M01,January,26.77,,CUSR0000SA0
1954,M12,December,26.77,,CUSR0000SA0
1954,M11,November,26.78,,CUSR0000SA0
1954,M10,October,26.72,,CUSR0000SA0
1954,M09,September,26.81,,CUSR0000SA0
1954,M08,August,26.85,,CUSR0000SA0
1954,M07,July,26.86,,CUSR0000SA0
1954,M06,June,26.94,,CUSR0000SA0
1954,M05,May,26.93,,CUSR0000SA0
1954,M04,April,26.86,,CUSR0000SA0
1954,M03,March,26.93,,CUSR0000SA0
1954,M02,February,26.99,,CUSR0000SA0
1954,M01,January,26.94,,CUSR0000SA0
1953,M12,December,26.87,,CUSR0000SA0
1953,M11,November,26.85,,CUSR0000SA0
1953,M10,October,26.95,,CUSR0000SA0
1953,M09,September,26.89,,CUSR0000SA0
1953,M08,August,26.85,,CUSR0000SA0
1953,M07,July,26.79,,CUSR0000SA0
1953,M06,June,26.77,,CUSR0000SA0
1953,M05,May,26.7,,CUSR0000SA0
1953,M04,April,26.69,,CUSR0000SA0
1953,M03,March,26.63,,CUSR0000SA0
1953,M02,February,26.59,,CUSR0000SA0
1953,M01,January,26.64,,CUSR0000SA0
1952,M12,December,26.71,,CUSR0000SA0
1952,M11,November,26.69,,CUSR0000SA0
1952,M10,October,26.69,,CUSR0000SA0
1952,M09,September,26.63,,CUSR0000SA0
1952,M08,August,26.69,,CUSR0000SA0
1952,M07,July,26.68,,CUSR0000SA0
1952,M06,June,26.53,,CUSR0000SA0
1952,M05,May,26.47,,CUSR0000SA0
1952,M04,April,26.46,,CUSR0000SA0
1952,M03,March,26.39,,CUSR0000SA0
1952,M02,February,26.41,,CUSR0000SA0
1952,M01,January,26.45,,CUSR0000SA0
1951,M12,December,26.47,,CUSR0000SA0
1951,M11,November,26.32,,CUSR0000SA0
1951,M10,October,26.16,,CUSR0000SA0
1951,M09,September,26.03,,CUSR0000SA0
1951,M08,August,25.86,,CUSR0000SA0
1951,M07,July,25.91,,CUSR0000SA0
1951,M06,June,25.93,,CUSR0000SA0
1951,M05,May,25.99,,CUSR0000SA0
1951,M04,April,25.92,,CUSR0000SA0
1951,M03,March,25.88,,CUSR0000SA0
1951,M02,February,25.83,,CUSR0000SA0
1951,M01,January,25.38,,CUSR0000SA0
1950,M12,December,24.98,,CUSR0000SA0
1950,M11,November,24.6,,CUSR0000SA0
1950,M10,October,24.5,,CUSR0000SA0
1950,M09,September,24.34,,CUSR0000SA0
1950,M08,August,24.2,,CUSR0000SA0
1950,M07,July,24.07,,CUSR0000SA0
1950,M06,June,23.88,,CUSR0000SA0
1950,M05,May,23.77,,CUSR0000SA0
1950,M04,April,23.65,,CUSR0000SA0
1950,M03,March,23.64,,CUSR0000SA0
1950,M02,February,23.61,,CUSR0000SA0
1950,M01,January,23.51,,CUSR0000SA0
1949,M12,December,23.61,,CUSR0000SA0
1949,M11,November,23.7,,CUSR0000SA0
1949,M10,October,23.67,,CUSR0000SA0
1949,M09,September,23.75,,CUSR0000SA0
1949,M08,August,23.7,,CUSR0000SA0
1949,M07,July,23.7,,CUSR0000SA0
1949,M06,June,23.92,,CUSR0000SA0
1949,M05,May,23.91,,CUSR0000SA0
1949,M04,April,23.92,,CUSR0000SA0
1949,M03,March,23.91,,CUSR0000SA0
1949,M02,February,23.91,,CUSR0000SA0
1949,M01,January,24.01,,CUSR0000SA0
1948,M12,December,24.05,,CUSR0000SA0
1948,M11,November,24.16,,CUSR0000SA0
1948,M10,October,24.31,,CUSR0000SA0
1948,M09,September,24.36,,CUSR0000SA0
1948,M08,August,24.43,,CUSR0000SA0
1948,M07,July,24.4,,CUSR0000SA0
1948,M06,June,24.15,,CUSR0000SA0
1948,M05,May,24.01,,CUSR0000SA0
1948,M04,April,23.82,,CUSR0000SA0
1948,M03,March,23.5,,CUSR0000SA0
1948,M02,February,23.67,,CUSR0000SA0
1948,M01,January,23.68,,CUSR0000SA0
1967,M12,December,34,,CUSR0000SA0
1967,M11,November,33.9,,CUSR0000SA0
1967,M10,October,33.7,,CUSR0000SA0
1967,M09,September,33.6,,CUSR0000SA0
1967,M08,August,33.5,,CUSR0000SA0
1967,M07,July,33.4,,CUSR0000SA0
1967,M06,June,33.3,,CUSR0000SA0
1967,M05,May,33.1,,CUSR0000SA0
1967,M04,April,33.1,,CUSR0000SA0
1967,M03,March,33,,CUSR0000SA0
1967,M02,February,33,,CUSR0000SA0
1967,M01,January,32.9,,CUSR0000SA0
1966,M12,December,32.92,,CUSR0000SA0
1966,M11,November,32.88,,CUSR0000SA0
1966,M10,October,32.85,,CUSR0000SA0
1966,M09,September,32.75,,CUSR0000SA0
1966,M08,August,32.65,,CUSR0000SA0
1966,M07,July,32.45,,CUSR0000SA0
1966,M06,June,32.38,,CUSR0000SA0
1966,M05,May,32.35,,CUSR0000SA0
1966,M04,April,32.28,,CUSR0000SA0
1966,M03,March,32.18,,CUSR0000SA0
1966,M02,February,32.08,,CUSR0000SA0
1966,M01,January,31.88,,CUSR0000SA0
1965,M12,December,31.85,,CUSR0000SA0
1965,M11,November,31.75,,CUSR0000SA0
1965,M10,October,31.65,,CUSR0000SA0
1965,M09,September,31.62,,CUSR0000SA0
1965,M08,August,31.55,,CUSR0000SA0
1965,M07,July,31.58,,CUSR0000SA0
1965,M06,June,31.61,,CUSR0000SA0
1965,M05,May,31.48,,CUSR0000SA0
1965,M04,April,31.38,,CUSR0000SA0
1965,M03,March,31.31,,CUSR0000SA0
1965,M02,February,31.28,,CUSR0000SA0
1965,M01,January,31.28,,CUSR0000SA0
1964,M12,December,31.25,,CUSR0000SA0
1964,M11,November,31.21,,CUSR0000SA0
1964,M10,October,31.12,,CUSR0000SA0
1964,M09,September,31.08,,CUSR0000SA0
1964,M08,August,31.05,,CUSR0000SA0
1964,M07,July,31.02,,CUSR0000SA0
1964,M06,June,31.01,,CUSR0000SA0
1964,M05,May,30.98,,CUSR0000SA0
1964,M04,April,30.95,,CUSR0000SA0
1964,M03,March,30.94,,CUSR0000SA0
1964,M02,February,30.91,,CUSR0000SA0
1964,M01,January,30.94,,CUSR0000SA0
1963,M12,December,30.88,,CUSR0000SA0
1963,M11,November,30.78,,CUSR0000SA0
1963,M10,October,30.75,,CUSR0000SA0
1963,M09,September,30.72,,CUSR0000SA0
1963,M08,August,30.75,,CUSR0000SA0
1963,M07,July,30.69,,CUSR0000SA0
1963,M06,June,30.61,,CUSR0000SA0
1963,M05,May,30.51,,CUSR0000SA0
1963,M04,April,30.48,,CUSR0000SA0
1963,M03,March,30.51,,CUSR0000SA0
1963,M02,February,30.48,,CUSR0000SA0
1963,M01,January,30.44,,CUSR0000SA0
1962,M12,December,30.38,,CUSR0000SA0
1962,M11,November,30.38,,CUSR0000SA0
1962,M10,October,30.38,,CUSR0000SA0
1962,M09,September,30.42,,CUSR0000SA0
1962,M08,August,30.28,,CUSR0000SA0
1962,M07,July,30.22,,CUSR0000SA0
1962,M06,June,30.21,,CUSR0000SA0
1962,M05,May,30.24,,CUSR0000SA0
1962,M04,April,30.21,,CUSR0000SA0
1962,M03,March,30.17,,CUSR0000SA0
1962,M02,February,30.11,,CUSR0000SA0
1962,M01,January,30.04,,CUSR0000SA0
1961,M12,December,30.01,,CUSR0000SA0
1961,M11,November,29.98,,CUSR0000SA0
1961,M10,October,29.98,,CUSR0000SA0
1961,M09,September,29.98,,CUSR0000SA0
1961,M08,August,29.94,,CUSR0000SA0
1961,M07,July,29.92,,CUSR0000SA0
1961,M06,June,29.84,,CUSR0000SA0
1961,M05,May,29.84,,CUSR0000SA0
1961,M04,April,29.81,,CUSR0000SA0
1961,M03,March,29.84,,CUSR0000SA0
1961,M02,February,29.84,,CUSR0000SA0
1961,M01,January,29.84,,CUSR0000SA0
1960,M12,December,29.81,,CUSR0000SA0
1960,M11,November,29.78,,CUSR0000SA0
1960,M10,October,29.75,,CUSR0000SA0
1960,M09,September,29.61,,CUSR0000SA0
1960,M08,August,29.61,,CUSR0000SA0
1960,M07,July,29.55,,CUSR0000SA0
1960,M06,June,29.61,,CUSR0000SA0
1960,M05,May,29.57,,CUSR0000SA0
1960,M04,April,29.54,,CUSR0000SA0
1960,M03,March,29.41,,CUSR0000SA0
1960,M02,February,29.41,,CUSR0000SA0
1960,M01,January,29.37,,CUSR0000SA0
1959,M12,December,29.41,,CUSR0000SA0
1959,M11,November,29.35,,CUSR0000SA0
1959,M10,October,29.35,,CUSR0000SA0
1959,M09,September,29.25,,CUSR0000SA0
1959,M08,August,29.18,,CUSR0000SA0
1959,M07,July,29.15,,CUSR0000SA0
1959,M06,June,29.11,,CUSR0000SA0
1959,M05,May,29.04,,CUSR0000SA0
1959,M04,April,28.98,,CUSR0000SA0
1959,M03,March,28.97,,CUSR0000SA0
1959,M02,February,29,,CUSR0000SA0
1959,M01,January,29.01,,CUSR0000SA0
1958,M12,December,28.97,,CUSR0000SA0
1958,M11,November,28.95,,CUSR0000SA0
1958,M10,October,28.91,,CUSR0000SA0
1958,M09,September,28.91,,CUSR0000SA0
1958,M08,August,28.94,,CUSR0000SA0
1958,M07,July,28.89,,CUSR0000SA0
1958,M06,June,28.91,,CUSR0000SA0
1958,M05,May,28.94,,CUSR0000SA0
1958,M04,April,28.94,,CUSR0000SA0
1958,M03,March,28.87,,CUSR0000SA0
1958,M02,February,28.7,,CUSR0000SA0
1958,M01,January,28.64,,CUSR0000SA0
1977,M12,December,62.3,,CUSR0000SA0
1977,M11,November,62,,CUSR0000SA0
1977,M10,October,61.6,,CUSR0000SA0
1977,M09,September,61.3,,CUSR0000SA0
1977,M08,August,61.1,,CUSR0000SA0
1977,M07,July,60.8,,CUSR0000SA0
1977,M06,June,60.5,,CUSR0000SA0
1977,M05,May,60.2,,CUSR0000SA0
1977,M04,April,60,,CUSR0000SA0
1977,M03,March,59.6,,CUSR0000SA0
1977,M02,February,59.3,,CUSR0000SA0
1977,M01,January,58.7,,CUSR0000SA0
1976,M12,December,58.4,,CUSR0000SA0
1976,M11,November,58.1,,CUSR0000SA0
1976,M10,October,57.9,,CUSR0000SA0
1976,M09,September,57.6,,CUSR0000SA0
1976,M08,August,57.3,,CUSR0000SA0
1976,M07,July,57,,CUSR0000SA0
1976,M06,June,56.7,,CUSR0000SA0
1976,M05,May,56.4,,CUSR0000SA0
1976,M04,April,56.1,,CUSR0000SA0
1976,M03,March,56,,CUSR0000SA0
1976,M02,February,55.9,,CUSR0000SA0
1976,M01,January,55.8,,CUSR0000SA0
1975,M12,December,55.6,,CUSR0000SA0
1975,M11,November,55.3,,CUSR0000SA0
1975,M10,October,54.9,,CUSR0000SA0
1975,M09,September,54.6,,CUSR0000SA0
1975,M08,August,54.2,,CUSR0000SA0
1975,M07,July,54,,CUSR0000SA0
1975,M06,June,53.5,,CUSR0000SA0
1975,M05,May,53.1,,CUSR0000SA0
1975,M04,April,53,,CUSR0000SA0
1975,M03,March,52.8,,CUSR0000SA0
1975,M02,February,52.6,,CUSR0000SA0
1975,M01,January,52.3,,CUSR0000SA0
1974,M12,December,51.9,,CUSR0000SA0
1974,M11,November,51.5,,CUSR0000SA0
1974,M10,October,51,,CUSR0000SA0
1974,M09,September,50.6,,CUSR0000SA0
1974,M08,August,49.9,,CUSR0000SA0
1974,M07,July,49.3,,CUSR0000SA0
1974,M06,June,49,,CUSR0000SA0
1974,M05,May,48.6,,CUSR0000SA0
1974,M04,April,48.1,,CUSR0000SA0
1974,M03,March,47.8,,CUSR0000SA0
1974,M02,February,47.3,,CUSR0000SA0
1974,M01,January,46.8,,CUSR0000SA0
1973,M12,December,46.3,,CUSR0000SA0
1973,M11,November,45.9,,CUSR0000SA0
1973,M10,October,45.6,,CUSR0000SA0
1973,M09,September,45.2,,CUSR0000SA0
1973,M08,August,45,,CUSR0000SA0
1973,M07,July,44.2,,CUSR0000SA0
1973,M06,June,44.2,,CUSR0000SA0
1973,M05,May,43.9,,CUSR0000SA0
1973,M04,April,43.7,,CUSR0000SA0
1973,M03,March,43.4,,CUSR0000SA0
1973,M02,February,43,,CUSR0000SA0
1973,M01,January,42.7,,CUSR0000SA0
1972,M12,December,42.5,,CUSR0000SA0
1972,M11,November,42.4,,CUSR0000SA0
1972,M10,October,42.2,,CUSR0000SA0
1972,M09,September,42.1,,CUSR0000SA0
1972,M08,August,41.9,,CUSR0000SA0
1972,M07,July,41.8,,CUSR0000SA0
1972,M06,June,41.7,,CUSR0000SA0
1972,M05,May,41.6,,CUSR0000SA0
1972,M04,April,41.5,,CUSR0000SA0
1972,M03,March,41.4,,CUSR0000SA0
1972,M02,February,41.4,,CUSR0000SA0
1972,M01,January,41.2,,CUSR0000SA0
1971,M12,December,41.1,,CUSR0000SA0
1971,M11,November,41,,CUSR0000SA0
1971,M10,October,40.9,,CUSR0000SA0
1971,M09,September,40.8,,CUSR0000SA0
1971,M08,August,40.7,,CUSR0000SA0
1971,M07,July,40.6,,CUSR0000SA0
1971,M06,June,40.5,,CUSR0000SA0
1971,M05,May,40.3,,CUSR0000SA0
1971,M04,April,40.1,,CUSR0000SA0
1971,M03,March,40,,CUSR0000SA0
1971,M02,February,39.9,,CUSR0000SA0
1971,M01,January,39.9,,CUSR0000SA0
1970,M12,December,39.8,,CUSR0000SA0
1970,M11,November,39.6,,CUSR0000SA0
1970,M10,October,39.4,,CUSR0000SA0
1970,M09,September,39.2,,CUSR0000SA0
1970,M08,August,39,,CUSR0000SA0
1970,M07,July,38.9,,CUSR0000SA0
1970,M06,June,38.8,,CUSR0000SA0
1970,M05,May,38.6,,CUSR0000SA0
1970,M04,April,38.5,,CUSR0000SA0
1970,M03,March,38.3,,CUSR0000SA0
1970,M02,February,38.1,,CUSR0000SA0
1970,M01,January,37.9,,CUSR0000SA0
1969,M12,December,37.7,,CUSR0000SA0
1969,M11,November,37.5,,CUSR0000SA0
1969,M10,October,37.3,,CUSR0000SA0
1969,M09,September,37.1,,CUSR0000SA0
1969,M08,August,36.9,,CUSR0000SA0
1969,M07,July,36.8,,CUSR0000SA0
1969,M06,June,36.6,,CUSR0000SA0
1969,M05,May,36.4,,CUSR0000SA0
1969,M04,April,36.3,,CUSR0000SA0
1969,M03,March,36.1,,CUSR0000SA0
1969,M02,February,35.8,,CUSR0000SA0
1969,M01,January,35.7,,CUSR0000SA0
1968,M12,December,35.6,,CUSR0000SA0
1968,M11,November,35.4,,CUSR0000SA0
1968,M10,October,35.3,,CUSR0000SA0
1968,M09,September,35.1,,CUSR0000SA0
1968,M08,August,35,,CUSR0000SA0
1968,M07,July,34.9,,CUSR0000SA0
1968,M06,June,34.7,,CUSR0000SA0
1968,M05,May,34.5,,CUSR0000SA0
1968,M04,April,34.4,,CUSR0000SA0
1968,M03,March,34.3,,CUSR0000SA0
1968,M02,February,34.2,,CUSR0000SA0
1968,M01,January,34.1,,CUSR0000SA0
1987,M12,December,115.6,,CUSR0000SA0
1987,M11,November,115.4,,CUSR0000SA0
1987,M10,October,115,,CUSR0000SA0
1987,M09,September,114.7,,CUSR0000SA0
1987,M08,August,114.3,,CUSR0000SA0
1987,M07,July,113.8,,CUSR0000SA0
1987,M06,June,113.5,,CUSR0000SA0
1987,M05,May,113,,CUSR0000SA0
1987,M04,April,112.7,,CUSR0000SA0
1987,M03,March,112.2,,CUSR0000SA0
1987,M02,February,111.8,,CUSR0000SA0
1987,M01,January,111.4,,CUSR0000SA0
1986,M12,December,110.8,,CUSR0000SA0
1986,M11,November,110.4,,CUSR0000SA0
1986,M10,October,110.2,,CUSR0000SA0
1986,M09,September,110,,CUSR0000SA0
1986,M08,August,109.6,,CUSR0000SA0
1986,M07,July,109.5,,CUSR0000SA0
1986,M06,June,109.4,,CUSR0000SA0
1986,M05,May,109,,CUSR0000SA0
1986,M04,April,108.7,,CUSR0000SA0
1986,M03,March,109.1,,CUSR0000SA0
1986,M02,February,109.7,,CUSR0000SA0
1986,M01,January,109.9,,CUSR0000SA0
1985,M12,December,109.5,,CUSR0000SA0
1985,M11,November,109,,CUSR0000SA0
1985,M10,October,108.5,,CUSR0000SA0
1985,M09,September,108.1,,CUSR0000SA0
1985,M08,August,107.9,,CUSR0000SA0
1985,M07,July,107.7,,CUSR0000SA0
1985,M06,June,107.5,,CUSR0000SA0
1985,M05,May,107.2,,CUSR0000SA0
1985,M04,April,107,,CUSR0000SA0
1985,M03,March,106.8,,CUSR0000SA0
1985,M02,February,106.3,,CUSR0000SA0
1985,M01,January,105.7,,CUSR0000SA0
1984,M12,December,105.5,,CUSR0000SA0
1984,M11,November,105.3,,CUSR0000SA0
1984,M10,October,105.1,,CUSR0000SA0
1984,M09,September,104.7,,CUSR0000SA0
1984,M08,August,104.4,,CUSR0000SA0
1984,M07,July,104.1,,CUSR0000SA0
1984,M06,June,103.7,,CUSR0000SA0
1984,M05,May,103.5,,CUSR0000SA0
1984,M04,April,103.3,,CUSR0000SA0
1984,M03,March,102.9,,CUSR0000SA0
1984,M02,February,102.6,,CUSR0000SA0
1984,M01,January,102.1,,CUSR0000SA0
1983,M12,December,101.4,,CUSR0000SA0
1983,M11,November,101.1,,CUSR0000SA0
1983,M10,October,100.8,,CUSR0000SA0
1983,M09,September,100.4,,CUSR0000SA0
1983,M08,August,100.1,,CUSR0000SA0
1983,M07,July,99.8,,CUSR0000SA0
1983,M06,June,99.4,,CUSR0000SA0
1983,M05,May,99.2,,CUSR0000SA0
1983,M04,April,98.8,,CUSR0000SA0
1983,M03,March,98.1,,CUSR0000SA0
1983,M02,February,98,,CUSR0000SA0
1983,M01,January,97.9,,CUSR0000SA0
1982,M12,December,97.7,,CUSR0000SA0
1982,M11,November,98,,CUSR0000SA0
1982,M10,October,98.1,,CUSR0000SA0
1982,M09,September,97.7,,CUSR0000SA0
1982,M08,August,97.7,,CUSR0000SA0
1982,M07,July,97.5,,CUSR0000SA0
1982,M06,June,97,,CUSR0000SA0
1982,M05,May,95.9,,CUSR0000SA0
1982,M04,April,95,,CUSR0000SA0
1982,M03,March,94.7,,CUSR0000SA0
1982,M02,February,94.7,,CUSR0000SA0
1982,M01,January,94.4,,CUSR0000SA0
1981,M12,December,94.1,,CUSR0000SA0
1981,M11,November,93.8,,CUSR0000SA0
1981,M10,October,93.4,,CUSR0000SA0
1981,M09,September,93.1,,CUSR0000SA0
1981,M08,August,92.2,,CUSR0000SA0
1981,M07,July,91.5,,CUSR0000SA0
1981,M06,June,90.5,,CUSR0000SA0
1981,M05,May,89.7,,CUSR0000SA0
1981,M04,April,89.1,,CUSR0000SA0
1981,M03,March,88.6,,CUSR0000SA0
1981,M02,February,88,,CUSR0000SA0
1981,M01,January,87.2,,CUSR0000SA0
1980,M12,December,86.4,,CUSR0000SA0
1980,M11,November,85.6,,CUSR0000SA0
1980,M10,October,84.7,,CUSR0000SA0
1980,M09,September,83.9,,CUSR0000SA0
1980,M08,August,83.2,,CUSR0000SA0
1980,M07,July,82.6,,CUSR0000SA0
1980,M06,June,82.5,,CUSR0000SA0
1980,M05,May,81.7,,CUSR0000SA0
1980,M04,April,80.9,,CUSR0000SA0
1980,M03,March,80.1,,CUSR0000SA0
1980,M02,February,79,,CUSR0000SA0
1980,M01,January,78,,CUSR0000SA0
1979,M12,December,76.9,,CUSR0000SA0
1979,M11,November,76,,CUSR0000SA0
1979,M10,October,75.2,,CUSR0000SA0
1979,M09,September,74.4,,CUSR0000SA0
1979,M08,August,73.7,,CUSR0000SA0
1979,M07,July,73,,CUSR0000SA0
1979,M06,June,72.2,,CUSR0000SA0
1979,M05,May,71.4,,CUSR0000SA0
1979,M04,April,70.6,,CUSR0000SA0
1979,M03,March,69.9,,CUSR0000SA0
1979,M02,February,69.2,,CUSR0000SA0
1979,M01,January,68.5,,CUSR0000SA0
1978,M12,December,67.9,,CUSR0000SA0
1978,M11,November,67.5,,CUSR0000SA0
1978,M10,October,67.1,,CUSR0000SA0
1978,M09,September,66.5,,CUSR0000SA0
1978,M08,August,65.9,,CUSR0000SA0
1978,M07,July,65.5,,CUSR0000SA0
1978,M06,June,65,,CUSR0000SA0
1978,M05,May,64.5,,CUSR0000SA0
1978,M04,April,63.9,,CUSR0000SA0
1978,M03,March,63.4,,CUSR0000SA0
1978,M02,February,63,,CUSR0000SA0
1978,M01,January,62.7,,CUSR0000SA0
1997,M12,December,161.8,,CUSR0000SA0
1997,M11,November,161.7,,CUSR0000SA0
1997,M10,October,161.5,,CUSR0000SA0
1997,M09,September,161.2,,CUSR0000SA0
1997,M08,August,160.8,,CUSR0000SA0
1997,M07,July,160.4,,CUSR0000SA0
1997,M06,June,160.2,,CUSR0000SA0
1997,M05,May,159.9,,CUSR0000SA0
1997,M04,April,159.9,,CUSR0000SA0
1997,M03,March,159.8,,CUSR0000SA0
1997,M02,February,159.7,,CUSR0000SA0
1997,M01,January,159.4,,CUSR0000SA0
1996,M12,December,159.1,,CUSR0000SA0
1996,M11,November,158.7,,CUSR0000SA0
1996,M10,October,158.2,,CUSR0000SA0
1996,M09,September,157.7,,CUSR0000SA0
1996,M08,August,157.2,,CUSR0000SA0
1996,M07,July,157,,CUSR0000SA0
1996,M06,June,156.7,,CUSR0000SA0
1996,M05,May,156.4,,CUSR0000SA0
1996,M04,April,156.1,,CUSR0000SA0
1996,M03,March,155.5,,CUSR0000SA0
1996,M02,February,155,,CUSR0000SA0
1996,M01,January,154.7,,CUSR0000SA0
1995,M12,December,153.9,,CUSR0000SA0
1995,M11,November,153.7,,CUSR0000SA0
1995,M10,October,153.5,,CUSR0000SA0
1995,M09,September,153.1,,CUSR0000SA0
1995,M08,August,152.9,,CUSR0000SA0
1995,M07,July,152.6,,CUSR0000SA0
1995,M06,June,152.4,,CUSR0000SA0
1995,M05,May,152.1,,CUSR0000SA0
1995,M04,April,151.8,,CUSR0000SA0
1995,M03,March,151.2,,CUSR0000SA0
1995,M02,February,150.9,,CUSR0000SA0
1995,M01,January,150.5,,CUSR0000SA0
1994,M12,December,150.1,,CUSR0000SA0
1994,M11,November,149.8,,CUSR0000SA0
1994,M10,October,149.4,,CUSR0000SA0
1994,M09,September,149.3,,CUSR0000SA0
1994,M08,August,149,,CUSR0000SA0
1994,M07,July,148.4,,CUSR0000SA0
1994,M06,June,147.9,,CUSR0000SA0
1994,M05,May,147.5,,CUSR0000SA0
1994,M04,April,147.2,,CUSR0000SA0
1994,M03,March,147.1,,CUSR0000SA0
1994,M02,February,146.7,,CUSR0000SA0
1994,M01,January,146.3,,CUSR0000SA0
1993,M12,December,146.3,,CUSR0000SA0
1993,M11,November,146,,CUSR0000SA0
1993,M10,October,145.6,,CUSR0000SA0
1993,M09,September,145,,CUSR0000SA0
1993,M08,August,144.8,,CUSR0000SA0
1993,M07,July,144.5,,CUSR0000SA0
1993,M06,June,144.3,,CUSR0000SA0
1993,M05,May,144.2,,CUSR0000SA0
1993,M04,April,143.8,,CUSR0000SA0
1993,M03,March,143.3,,CUSR0000SA0
1993,M02,February,143.1,,CUSR0000SA0
1993,M01,January,142.8,,CUSR0000SA0
1992,M12,December,142.3,,CUSR0000SA0
1992,M11,November,142.1,,CUSR0000SA0
1992,M10,October,141.7,,CUSR0000SA0
1992,M09,September,141.1,,CUSR0000SA0
1992,M08,August,140.8,,CUSR0000SA0
1992,M07,July,140.5,,CUSR0000SA0
1992,M06,June,140.1,,CUSR0000SA0
1992,M05,May,139.7,,CUSR0000SA0
1992,M04,April,139.4,,CUSR0000SA0
1992,M03,March,139.1,,CUSR0000SA0
1992,M02,February,138.6,,CUSR0000SA0
1992,M01,January,138.3,,CUSR0000SA0
1991,M12,December,138.2,,CUSR0000SA0
1991,M11,November,137.8,,CUSR0000SA0
1991,M10,October,137.2,,CUSR0000SA0
1991,M09,September,137,,CUSR0000SA0
1991,M08,August,136.6,,CUSR0000SA0
1991,M07,July,136.2,,CUSR0000SA0
1991,M06,June,136,,CUSR0000SA0
1991,M05,May,135.6,,CUSR0000SA0
1991,M04,April,135.1,,CUSR0000SA0
1991,M03,March,134.8,,CUSR0000SA0
1991,M02,February,134.8,,CUSR0000SA0
1991,M01,January,134.7,,CUSR0000SA0
1990,M12,December,134.2,,CUSR0000SA0
1990,M11,November,133.7,,CUSR0000SA0
1990,M10,October,133.4,,CUSR0000SA0
1990,M09,September,132.5,,CUSR0000SA0
1990,M08,August,131.6,,CUSR0000SA0
1990,M07,July,130.5,,CUSR0000SA0
1990,M06,June,129.9,,CUSR0000SA0
1990,M05,May,129.1,,CUSR0000SA0
1990,M04,April,128.9,,CUSR0000SA0
1990,M03,March,128.6,,CUSR0000SA0
1990,M02,February,128,,CUSR0000SA0
1990,M01,January,127.5,,CUSR0000SA0
1989,M12,December,126.3,,CUSR0000SA0
1989,M11,November,125.9,,CUSR0000SA0
1989,M10,October,125.4,,CUSR0000SA0
1989,M09,September,124.8,,CUSR0000SA0
1989,M08,August,124.5,,CUSR0000SA0
1989,M07,July,124.5,,CUSR0000SA0
1989,M06,June,124.1,,CUSR0000SA0
1989,M05,May,123.7,,CUSR0000SA0
1989,M04,April,123.1,,CUSR0000SA0
1989,M03,March,122.2,,CUSR0000SA0
1989,M02,February,121.6,,CUSR0000SA0
1989,M01,January,121.2,,CUSR0000SA0
1988,M12,December,120.7,,CUSR0000SA0
1988,M11,November,120.3,,CUSR0000SA0
1988,M10,October,119.9,,CUSR0000SA0
1988,M09,September,119.5,,CUSR0000SA0
1988,M08,August,119,,CUSR0000SA0
1988,M07,July,118.5,,CUSR0000SA0
1988,M06,June,118,,CUSR0000SA0
1988,M05,May,117.5,,CUSR0000SA0
1988,M04,April,117.2,,CUSR0000SA0
1988,M03,March,116.5,,CUSR0000SA0
1988,M02,February,116.2,,CUSR0000SA0
1988,M01,January,116,,CUSR0000SA0
2007,M12,December,211.445,,CUSR0000SA0
2007,M11,November,210.834,,CUSR0000SA0
2007,M10,October,209.19,,CUSR0000SA0
2007,M09,September,208.547,,CUSR0000SA0
2007,M08,August,207.667,,CUSR0000SA0
2007,M07,July,207.603,,CUSR0000SA0
2007,M06,June,207.234,,CUSR0000SA0
2007,M05,May,206.755,,CUSR0000SA0
2007,M04,April,205.904,,CUSR0000SA0
2007,M03,March,205.288,,CUSR0000SA0
2007,M02,February,204.226,,CUSR0000SA0
2007,M01,January,203.437,,CUSR0000SA0
2006,M12,December,203.1,,CUSR0000SA0
2006,M11,November,202,,CUSR0000SA0
2006,M10,October,201.9,,CUSR0000SA0
2006,M09,September,202.8,,CUSR0000SA0
2006,M08,August,203.8,,CUSR0000SA0
2006,M07,July,202.9,,CUSR0000SA0
2006,M06,June,201.8,,CUSR0000SA0
2006,M05,May,201.3,,CUSR0000SA0
2006,M04,April,200.7,,CUSR0000SA0
2006,M03,March,199.7,,CUSR0000SA0
2006,M02,February,199.4,,CUSR0000SA0
2006,M01,January,199.3,,CUSR0000SA0
2005,M12,December,198.1,,CUSR0000SA0
2005,M11,November,198.1,,CUSR0000SA0
2005,M10,October,199.1,,CUSR0000SA0
2005,M09,September,198.8,,CUSR0000SA0
2005,M08,August,196.1,,CUSR0000SA0
2005,M07,July,194.9,,CUSR0000SA0
2005,M06,June,193.7,,CUSR0000SA0
2005,M05,May,193.6,,CUSR0000SA0
2005,M04,April,193.7,,CUSR0000SA0
2005,M03,March,193.1,,CUSR0000SA0
2005,M02,February,192.4,,CUSR0000SA0
2005,M01,January,191.6,,CUSR0000SA0
2004,M12,December,191.7,,CUSR0000SA0
2004,M11,November,191.7,,CUSR0000SA0
2004,M10,October,190.8,,CUSR0000SA0
2004,M09,September,189.8,,CUSR0000SA0
2004,M08,August,189.2,,CUSR0000SA0
2004,M07,July,189.1,,CUSR0000SA0
2004,M06,June,188.9,,CUSR0000SA0
2004,M05,May,188.2,,CUSR0000SA0
2004,M04,April,187.4,,CUSR0000SA0
2004,M03,March,187.1,,CUSR0000SA0
2004,M02,February,186.7,,CUSR0000SA0
2004,M01,January,186.3,,CUSR0000SA0
2003,M12,December,185.5,,CUSR0000SA0
2003,M11,November,185,,CUSR0000SA0
2003,M10,October,184.9,,CUSR0000SA0
2003,M09,September,185.1,,CUSR0000SA0
2003,M08,August,184.5,,CUSR0000SA0
2003,M07,July,183.7,,CUSR0000SA0
2003,M06,June,183.1,,CUSR0000SA0
2003,M05,May,182.9,,CUSR0000SA0
2003,M04,April,183.2,,CUSR0000SA0
2003,M03,March,183.9,,CUSR0000SA0
2003,M02,February,183.6,,CUSR0000SA0
2003,M01,January,182.6,,CUSR0000SA0
2002,M12,December,181.8,,CUSR0000SA0
2002,M11,November,181.5,,CUSR0000SA0
2002,M10,October,181.2,,CUSR0000SA0
2002,M09,September,180.8,,CUSR0000SA0
2002,M08,August,180.5,,CUSR0000SA0
2002,M07,July,180,,CUSR0000SA0
2002,M06,June,179.6,,CUSR0000SA0
2002,M05,May,179.5,,CUSR0000SA0
2002,M04,April,179.3,,CUSR0000SA0
2002,M03,March,178.5,,CUSR0000SA0
2002,M02,February,178,,CUSR0000SA0
2002,M01,January,177.7,,CUSR0000SA0
2001,M12,December,177.4,,CUSR0000SA0
2001,M11,November,177.5,,CUSR0000SA0
2001,M10,October,177.6,,CUSR0000SA0
2001,M09,September,178.1,,CUSR0000SA0
2001,M08,August,177.4,,CUSR0000SA0
2001,M07,July,177.4,,CUSR0000SA0
2001,M06,June,177.7,,CUSR0000SA0
2001,M05,May,177.3,,CUSR0000SA0
2001,M04,April,176.4,,CUSR0000SA0
2001,M03,March,176.1,,CUSR0000SA0
2001,M02,February,176,,CUSR0000SA0
2001,M01,January,175.6,,CUSR0000SA0
2000,M12,December,174.6,,CUSR0000SA0
2000,M11,November,174.2,,CUSR0000SA0
2000,M10,October,173.9,,CUSR0000SA0
2000,M09,September,173.6,,CUSR0000SA0
2000,M08,August,172.7,,CUSR0000SA0
2000,M07,July,172.7,,CUSR0000SA0
2000,M06,June,172.2,,CUSR0000SA0
2000,M05,May,171.2,,CUSR0000SA0
2000,M04,April,170.9,,CUSR0000SA0
2000,M03,March,171,,CUSR0000SA0
2000,M02,February,170,,CUSR0000SA0
2000,M01,January,169.3,,CUSR0000SA0
1999,M12,December,168.8,,CUSR0000SA0
1999,M11,November,168.4,,CUSR0000SA0
1999,M10,October,168.1,,CUSR0000SA0
1999,M09,September,167.8,,CUSR0000SA0
1999,M08,August,167.1,,CUSR0000SA0
1999,M07,July,166.7,,CUSR0000SA0
1999,M06,June,166,,CUSR0000SA0
1999,M05,May,166,,CUSR0000SA0
1999,M04,April,165.9,,CUSR0000SA0
1999,M03,March,164.8,,CUSR0000SA0
1999,M02,February,164.7,,CUSR0000SA0
1999,M01,January,164.7,,CUSR0000SA0
1998,M12,December,164.4,,CUSR0000SA0
1998,M11,November,164.1,,CUSR0000SA0
1998,M10,October,163.9,,CUSR0000SA0
1998,M09,September,163.5,,CUSR0000SA0
1998,M08,August,163.4,,CUSR0000SA0
1998,M07,July,163.2,,CUSR0000SA0
1998,M06,June,162.8,,CUSR0000SA0
1998,M05,May,162.6,,CUSR0000SA0
1998,M04,April,162.2,,CUSR0000SA0
1998,M03,March,162,,CUSR0000SA0
1998,M02,February,162,,CUSR0000SA0
1998,M01,January,162,,CUSR0000SA0
2017,M12,December,247.736,,CUSR0000SA0
2017,M11,November,247.378,,CUSR0000SA0
2017,M10,October,246.657,,CUSR0000SA0
2017,M09,September,246.551,,CUSR0000SA0
2017,M08,August,245.205,,CUSR0000SA0
2017,M07,July,244.28,,CUSR0000SA0
2017,M06,June,244.218,,CUSR0000SA0
2017,M05,May,244.069,,CUSR0000SA0
2017,M04,April,244.274,,CUSR0000SA0
2017,M03,March,243.766,,CUSR0000SA0
2017,M02,February,243.872,,CUSR0000SA0
2017,M01,January,243.62,,CUSR0000SA0
2016,M12,December,242.637,,CUSR0000SA0
2016,M11,November,242.026,,CUSR0000SA0
2016,M10,October,241.741,,CUSR0000SA0
2016,M09,September,241.176,,CUSR0000SA0
2016,M08,August,240.545,,CUSR0000SA0
2016,M07,July,240.101,,CUSR0000SA0
2016,M06,June,240.222,,CUSR0000SA0
2016,M05,May,239.557,,CUSR0000SA0
2016,M04,April,238.992,,CUSR0000SA0
2016,M03,March,238.08,,CUSR0000SA0
2016,M02,February,237.336,,CUSR0000SA0
2016,M01,January,237.652,,CUSR0000SA0
2015,M12,December,237.761,,CUSR0000SA0
2015,M11,November,238.017,,CUSR0000SA0
2015,M10,October,237.733,,CUSR0000SA0
2015,M09,September,237.498,,CUSR0000SA0
2015,M08,August,238.033,,CUSR0000SA0
2015,M07,July,238.034,,CUSR0000SA0
2015,M06,June,237.657,,CUSR0000SA0
2015,M05,May,237.001,,CUSR0000SA0
2015,M04,April,236.222,,CUSR0000SA0
2015,M03,March,235.976,,CUSR0000SA0
2015,M02,February,235.342,,CUSR0000SA0
2015,M01,January,234.747,,CUSR0000SA0
2014,M12,December,236.252,,CUSR0000SA0
2014,M11,November,236.983,,CUSR0000SA0
2014,M10,October,237.43,,CUSR0000SA0
2014,M09,September,237.477,,CUSR0000SA0
2014,M08,August,237.46,,CUSR0000SA0
2014,M07,July,237.498,,CUSR0000SA0
2014,M06,June,237.231,,CUSR0000SA0
2014,M05,May,236.918,,CUSR0000SA0
2014,M04,April,236.468,,CUSR0000SA0
2014,M03,March,236.028,,CUSR0000SA0
2014,M02,February,235.547,,CUSR0000SA0
2014,M01,January,235.288,,CUSR0000SA0
2013,M12,December,234.719,,CUSR0000SA0
2013,M11,November,234.1,,CUSR0000SA0
2013,M10,October,233.669,,CUSR0000SA0
2013,M09,September,233.544,,CUSR0000SA0
2013,M08,August,233.456,,CUSR0000SA0
2013,M07,July,232.9,,CUSR0000SA0
2013,M06,June,232.445,,CUSR0000SA0
2013,M05,May,231.893,,CUSR0000SA0
2013,M04,April,231.797,,CUSR0000SA0
2013,M03,March,232.282,,CUSR0000SA0
2013,M02,February,232.937,,CUSR0000SA0
2013,M01,January,231.679,,CUSR0000SA0
2012,M12,December,231.221,,CUSR0000SA0
2012,M11,November,231.249,,CUSR0000SA0
2012,M10,October,231.638,,CUSR0000SA0
2012,M09,September,231.015,,CUSR0000SA0
2012,M08,August,229.918,,CUSR0000SA0
2012,M07,July,228.59,,CUSR0000SA0
2012,M06,June,228.524,,CUSR0000SA0
2012,M05,May,228.713,,CUSR0000SA0
2012,M04,April,229.187,,CUSR0000SA0
2012,M03,March,228.807,,CUSR0000SA0
2012,M02,February,228.329,,CUSR0000SA0
2012,M01,January,227.842,,CUSR0000SA0
2011,M12,December,227.223,,CUSR0000SA0
2011,M11,November,227.169,,CUSR0000SA0
2011,M10,October,226.75,,CUSR0000SA0
2011,M09,September,226.597,,CUSR0000SA0
2011,M08,August,226.106,,CUSR0000SA0
2011,M07,July,225.395,,CUSR0000SA0
2011,M06,June,224.806,,CUSR0000SA0
2011,M05,May,224.806,,CUSR0000SA0
2011,M04,April,224.093,,CUSR0000SA0
2011,M03,March,223.046,,CUSR0000SA0
2011,M02,February,221.898,,CUSR0000SA0
2011,M01,January,221.187,,CUSR0000SA0
2010,M12,December,220.472,,CUSR0000SA0
2010,M11,November,219.59,,CUSR0000SA0
2010,M10,October,219.035,,CUSR0000SA0
2010,M09,September,218.275,,CUSR0000SA0
2010,M08,August,217.923,,CUSR0000SA0
2010,M07,July,217.605,,CUSR0000SA0
2010,M06,June,217.199,,CUSR0000SA0
2010,M05,May,217.29,,CUSR0000SA0
2010,M04,April,217.403,,CUSR0000SA0
2010,M03,March,217.353,,CUSR0000SA0
2010,M02,February,217.281,,CUSR0000SA0
2010,M01,January,217.488,,CUSR0000SA0
2009,M12,December,217.347,,CUSR0000SA0
2009,M11,November,217.234,,CUSR0000SA0
2009,M10,October,216.509,,CUSR0000SA0
2009,M09,September,215.861,,CUSR0000SA0
2009,M08,August,215.445,,CUSR0000SA0
2009,M07,July,214.726,,CUSR0000SA0
2009,M06,June,214.79,,CUSR0000SA0
2009,M05,May,213.022,,CUSR0000SA0
2009,M04,April,212.709,,CUSR0000SA0
2009,M03,March,212.495,,CUSR0000SA0
2009,M02,February,212.705,,CUSR0000SA0
2009,M01,January,211.933,,CUSR0000SA0
2008,M12,December,211.398,,CUSR0000SA0
2008,M11,November,213.153,,CUSR0000SA0
2008,M10,October,216.995,,CUSR0000SA0
2008,M09,September,218.877,,CUSR0000SA0
2008,M08,August,218.69,,CUSR0000SA0
2008,M07,July,219.016,,CUSR0000SA0
2008,M06,June,217.463,,CUSR0000SA0
2008,M05,May,215.208,,CUSR0000SA0
2008,M04,April,213.942,,CUSR0000SA0
2008,M03,March,213.448,,CUSR0000SA0
2008,M02,February,212.687,,CUSR0000SA0
2008,M01,January,212.174,,CUSR0000SA0
2018,M12,December,252.493,,CUSR0000SA0
2018,M11,November,252.822,,CUSR0000SA0
2018,M10,October,252.899,,CUSR0000SA0
2018,M09,September,252.183,,CUSR0000SA0
2018,M08,August,251.735,,CUSR0000SA0
2018,M07,July,251.345,,CUSR0000SA0
2018,M06,June,251.152,,CUSR0000SA0
2018,M05,May,250.786,,CUSR0000SA0
2018,M04,April,250.275,,CUSR0000SA0
2018,M03,March,249.517,,CUSR0000SA0
2018,M02,February,249.3,,CUSR0000SA0
2018,M01,January,248.721,,CUSR0000SA0
